name,ticker,geographic,team_qual,team_quan,team_dev,advisors_qual,advisors_quan,partnerships_qual,partnerships_quan,total_supply,circulating_supply,masternodes,staking_rewards,activity_rewards,limited_coins,discount_ei,available_for_ts,money_raised,prc_fg,ut_burned,ico_price,market_price,current_price,,twitter,facebook,reddit,hype_rate,bounty_program,gt_ratio,roadmap,mvp,existence_before_ico,etherdelta,gate_io,liqui,decentrex,mercatox,binance,okex,hitbtc,coinexchange,cryptopia,kucoin,tidex,idex,bitfinex,bibox,huobi,qryptos,exx,radar relay,allcoin,bcex,lbank,ddex,yobit,upbit,bigone,coinbene,cyberex,otcbtc,wex,gatecoin,livecoin,bittrex,coss,coinnest,category,first_mover,competitors,consensus_method,product_score,total_marketcap,24h_mv_icoday,datum_ico,op_ratio,return_coin,return_markt
request network,REQ,1,8,7,3,"3,7",3,4,8,"999,00","662,96",0,0,0,1,0,"0,70","33,6","1,00",0,"0,0672","0,06","0,2210",,4709,542,1788,4,0,"0,466",9,0,0,1,1,1,1,1,0,0,0,0,0,0,0,0,0,0,0,0,0,0,0,0,0,0,0,0,0,0,0,0,0,0,0,0,0,0,1,0,6,1,84,173,"4323,65",16/10/2017,"1,4521","3,29","2,26"
chainlink,LINK,1,"7,2",2,2,"3,5",4,"2,6",2,"1000,00","350,00",0,1,1,1,1,"0,35",32,"1,00",0,"0,1100","0,16","0,5070",,2568,0,0,3,0,"0,855",0,0,0,0,0,0,0,0,1,1,0,0,0,0,0,0,0,0,0,0,0,0,0,0,0,0,0,0,0,0,0,0,0,0,0,0,0,0,2,1,2,1,81,"135,2","4290,29",19/09/2017,"1,5905","4,61","2,9"
substratum,SUB,1,"6,5",6,4,"2,8",2,"2,3",1,"352,00","226,09",0,0,1,1,1,"0,47","13,8","0,31",1,"0,0817","0,05","0,4400",,4531,1285,1232,2,0,"0,875","9,5",0,1,1,0,0,0,0,0,1,1,0,0,0,0,0,0,0,0,0,0,0,0,0,0,0,0,0,0,0,0,0,0,0,0,0,0,0,3,1,2,2,66,"134,92","6180,46",13/08/2017,"1,8546","5,39","2,9"
icon,ICX,2,"8,9",11,9,"4,2",8,4,9,"400,20","387,04",0,0,1,1,0,"0,50","42,8","1,00",1,"0,1100","0,41","2,7600",,4916,2085,514,4,1,"0,973",12,1,1,0,0,0,0,0,0,1,0,0,0,0,0,0,0,0,0,0,0,0,0,0,0,0,0,0,0,0,0,0,0,0,0,0,0,0,4,0,10,4,83,"136,794","3879,45",20/09/2017,"8,7603","25,09","2,86"
cindicator,CND,3,"8,7",12,9,"4,5",11,0,0,"2000,00","144,60",0,0,1,1,0,"0,75",15,"1,00",0,"0,0100","0,02","0,0915",,11187,2474,736,4,1,"0,125",12,1,1,0,0,0,0,0,1,0,0,0,0,0,0,0,0,0,0,0,0,0,0,0,0,0,0,0,0,0,0,0,0,0,0,0,0,0,5,1,3,1,76,"129,02","2379,29",24/09/2017,"3,0131","9,15","3,04"
internxt,INXT,4,"3,7",6,4,"2,7",2,3,1,"0,63","0,63",0,0,1,1,1,"0,93","0,2","0,01",1,"1,0200","1,74","8,4100",,1588,10,50,2,1,"0,014",8,0,0,1,0,0,0,0,0,0,0,1,0,0,0,0,0,0,0,0,0,0,0,0,0,0,0,0,0,0,0,0,0,0,0,0,0,0,3,0,8,1,66,"143,595","4861,94",28/09/2017,"3,0218","8,25","2,73"
Power Ledger,POWR,5,"8,9",17,4,"3,2",1,"3,8",9,"1000,00","363,93",0,0,1,1,1,"0,35","13,2","1,00",0,"0,0838","0,06","0,4300",,10988,6234,0,3,1,"0,290",12,1,1,0,0,0,0,0,1,0,0,0,1,0,0,0,0,0,0,0,0,0,0,0,0,0,0,0,0,0,0,0,0,0,0,0,0,0,6,1,3,1,78,"147,292","2633,80",6/10/2017,"1,929","5,13","2,66"
Electroneum,ETN,6,"8,1",12,7,"3,4",2,"3,6",2,"21000,00","6525,21",0,0,1,1,1,"0,29","39,9","1,00",0,"0,0100","0,09","0,0520",,21268,56124,2627,4,1,"0,167",0,0,1,0,0,0,0,0,0,0,0,0,1,1,0,0,0,0,0,0,0,0,0,0,0,0,0,0,0,0,0,0,0,0,0,0,0,0,7,1,4,1,76,"168,885","3369,51",23/10/2017,"2,2415","5,2","2,32"
Decision token/Horizon State,HST,5,"8,5",5,3,"3,4",6,"4,2",1,"48,20","32,03",0,0,0,1,1,"0,60","0,9","0,02",1,"0,0874","0,3","1,3020",,4443,2028,177,1,1,"0,086","11,5",0,1,1,0,0,0,0,0,0,0,0,0,1,0,0,0,0,0,0,0,0,0,0,0,0,0,0,0,0,0,0,0,0,0,0,0,0,8,1,13,1,62,"177,881","6194,32",30/10/2017,"6,7634","14,9","2,2"
Dentacoin,DTN,7,"8,7",19,10,"3,5",6,"3,5",21,"1963173,00","325226,61",0,0,1,1,0,"0,03","1,9","0,07",0,"0,0001","0,0003","0,0006",,1255,20622,107,4,1,"0,143","10,5",0,1,0,0,0,0,1,0,0,1,1,1,0,0,0,0,0,0,0,0,0,0,0,0,0,0,0,0,0,0,0,0,0,0,0,0,0,9,1,7,2,69,"184,245","5546,49",1/11/2017,"2,7087","5,76","2,13"
Dragonchain,DRGN,1,"7,8",8,4,4,7,3,1,"433,40","238,42",0,0,0,1,1,"0,55","13,7","1,00",0,"0,0663","0,26","1,1720",,11174,2242,199,1,0,"0,219","8,5",1,1,1,0,0,0,0,0,0,0,0,0,0,0,0,0,0,0,0,0,0,0,0,0,0,0,0,0,0,0,0,0,0,0,0,0,0,4,0,10,1,63,"197,731","9447,11",3/11/2017,"8,9212","17,68","1,98"
Genesis vision,GVT,8,"7,6",10,7,4,12,"2,8",1,"4,40","3,73",0,0,1,1,1,"0,52","2,8","0,12",1,"1,0000","2,01","35,7800",,4529,14798,368,2,1,"0,159","11,5",0,1,1,0,0,0,0,1,0,1,0,0,1,0,0,0,0,0,0,0,0,0,0,0,0,0,0,0,0,0,0,0,0,0,0,0,0,10,1,2,1,70,"220,546","7648,10",15/11/2017,"20,1408","35,78","1,78"
Oracles/POA Network,POA,1,"7,1",13,9,"3,5",5,3,4,"254,20","203,75",0,0,1,1,0,"0,70","12,6","1,00",0,"0,0724","0,64","0,3600",,9759,0,0,4,1,"0,449",9,1,1,1,0,0,0,0,0,0,0,0,0,0,0,0,0,0,0,0,0,0,0,0,0,0,0,0,0,0,0,0,0,0,0,0,0,0,11,0,2,3,73,"227,085","13679,00",17/11/2017,"2,882","4,97","1,73"
Cappasity,CAPP,1,"6,6",5,3,"3,7",7,0,0,"492,80","384,10",0,0,1,1,1,"0,53","2,8","0,09",1,"0,0080","0,04","0,0725",,2981,6181,60,3,1,"0,039",10,1,1,0,0,0,0,0,0,0,0,0,1,1,0,0,0,0,0,0,0,0,0,0,0,0,0,0,0,0,0,0,0,0,0,0,0,0,12,0,4,1,70,"256,939","12523,10",23/11/2017,"5,9431","9,06","1,52"
Divi Project,DIVX,9,"8,8",11,10,"3,5",1,0,0,"6,20","5,14",1,1,0,1,1,"0,80","2,6","1,30",0,"0,6200","0,82","3,3300",,3977,13494,118,4,1,"0,041",10,0,0,1,0,0,0,0,0,0,0,0,1,0,0,0,0,0,0,0,0,0,0,0,0,0,0,0,0,0,0,0,0,0,0,0,0,0,13,0,27,4,51,"263,744","14094,20",24/11/2017,"3,6155","5,37","1,49"
Snovio,SNOV,10,"7,1",13,6,"3,5",5,0,0,"651,10","404,99",0,0,1,1,1,"0,60","2,1","0,21",1,"0,0100","0,0025","0,0317",,3147,46000,100,3,1,"0,049",11,1,1,1,0,0,0,0,0,0,0,0,0,0,1,0,0,1,0,0,0,0,0,0,0,0,0,0,0,0,0,0,0,0,0,0,0,0,14,1,0,2,69,"291,804","21716,20",30/11/2017,"2,361","3,17","1,34"
WaBi,WABI,11,"8,6",10,5,4,3,0,0,"99,20","45,25",0,0,1,1,1,"0,46","11,5","1,00",1,"0,2400","1,39","1,0130",,7031,792,3352,5,1,"1,516","10,5",1,1,0,0,0,0,0,1,0,0,0,0,0,0,1,0,0,0,0,0,0,0,0,0,0,0,0,0,0,0,0,0,0,0,0,0,0,14,0,5,1,76,"291,804","21716,20",30/11/2017,"3,1436","4,22","1,34"
ETHlend,LEND,12,7,20,4,"3,5",5,"2,7",3,"1300,00","1082,45",0,0,1,1,1,"0,75","17,9","1,00",1,"0,0173","0,02","0,0617",,10341,22803,1126,4,1,"0,360",10,1,1,0,0,0,0,0,0,0,1,0,0,1,0,0,0,0,0,0,0,0,0,0,0,0,0,0,0,0,0,0,0,0,0,0,0,0,15,0,4,1,64,"291,804","21716,20",30/11/2017,"2,6562","3,57","1,34"
0x,ZRX,1,"7,5",6,4,"3,8",4,"3,2",4,"1000,00","519,69",0,0,0,1,0,"0,50",24,"1,00",0,"0,0480","0,11","0,6700",,24621,300,2000,4,0,"1,483",10,1,1,0,0,0,0,0,0,1,1,0,0,0,0,0,0,0,0,0,0,0,0,0,0,0,0,0,0,0,0,0,0,0,0,0,0,0,16,1,1,1,84,"141,685","5197,43",16/08/2017,"5,0477","13,96","2,77"
Po.et,POE,1,"7,6",9,6,4,15,"3,5",8,"3141,60","2236,81",0,0,1,1,0,"0,50",10,"1,00",0,"0,0064","0,02","0,0356",,0,0,209,2,0,"0,050",8,1,1,0,0,0,0,0,0,0,1,0,0,0,0,0,0,0,0,0,0,0,0,0,0,0,0,0,0,0,0,0,0,0,0,0,0,0,17,1,1,5,73,"122,267","5662,08",09/08/2017,"1,7339","5,56","3,2"
EOS,EOS,13,"7,9",4,1,0,0,"3,3",4,"900,00","750,47",0,0,0,1,1,"0,90","196,9","1,00",0,"0,9900","1,03","6,2300",,5924,1232,1375,5,0,"0,727","9,5",1,1,0,0,0,0,0,0,0,0,0,0,0,0,0,1,0,0,0,0,0,0,0,0,0,0,0,0,0,0,0,0,0,0,0,0,0,4,0,10,4,86,"92,406","4436,71",26/06/2017,"1,4842","6,29","4,24"
OmiseGo,OMG,14,"8,9",5,3,"4,8",8,"3,6",8,"140,20","102,04",0,0,1,1,0,"0,65",25,"1,00",0,"0,3500","0,53","14,8100",,6211,0,402,4,0,"0,075",8,0,0,0,0,0,0,0,1,0,0,0,0,0,0,0,0,0,0,0,0,0,0,0,0,0,0,0,0,0,0,0,0,0,0,0,0,0,7,0,5,1,85,"114,573","3216,92",23/06/2017,"12,3739","42,31","3,42"
Tron,TRX,11,"8,7",72,25,0,0,"2,8",7,"100000,00","65748,19",0,1,1,1,0,"0,40",70,"1,00",0,"0,0019","0,002051","0,0385",,12524,10387,1007,4,0,"0,136",7,0,1,0,0,0,0,0,1,0,0,0,0,0,0,0,0,0,0,0,0,0,0,0,0,0,0,0,0,0,0,0,0,0,0,0,0,0,18,0,2,4,71,"159,723","9745,82",02/09/2017,"8,2606","20,26","2,45"
Zilliqa,ZIL,15,"8,2",15,8,4,9,4,13,"12600,00","6605,33",0,0,1,1,1,"0,30",22,"1,00",1,"0,0038","0,14","0,0547",,14464,0,2687,4,1,"0,403",8,0,1,1,0,0,0,0,0,0,0,0,0,0,0,0,0,0,1,0,0,0,0,0,0,0,0,0,0,0,0,0,0,0,0,0,0,0,4,0,4,1,71,"744,619","63527,50",04/01/2018,"27,3574","14,39","0,53"
SingularityNET,AGI,12,"8,6",9,7,4,4,"3,9",7,"1000,00","521,71",0,1,1,1,0,"0,50","32,8","1,00",0,"0,1000","0,54","0,2820",,6324,2712,20,5,0,"0,288",13,1,1,1,0,0,0,0,0,0,0,0,0,0,1,1,0,0,0,0,0,0,0,0,0,0,0,0,0,0,0,0,0,0,0,0,0,0,19,0,2,1,78,"536,703","47443,60",22/12/2017,"3,863","2,82","0,73"
SophiaTX,SPHTX,12,7,8,6,"3,5",12,0,0,"350,00","191,77",0,0,1,1,1,"0,30","23,5","0,29",0,"0,0716","0,42","0,3810",,7573,40805,208,2,1,"0,055",7,0,0,0,0,0,0,0,0,0,0,0,0,0,0,0,0,0,0,1,1,0,0,0,0,0,0,0,0,0,0,0,0,0,0,0,0,0,10,0,2,2,70,"591,319","32237,60",17/12/2017,"8,031","5,32","0,66"
Bounty0x,BNTY,13,"7,1",3,2,"3,5",4,"2,6",11,"500,00","128,41",0,1,1,1,1,"0,21","1,6","1,07",1,"0,0165","0,06","0,0771",,16423,217,1698,4,1,"0,071",9,1,1,1,0,0,0,0,0,0,0,0,0,0,0,0,0,0,0,0,0,1,0,0,0,0,0,0,0,0,0,0,0,0,0,0,0,0,1,1,3,1,70,"573,207","26518,60",16/12/2017,"6,8363","4,67","0,68"
Nebulas,NAS,1,"9,1",14,9,"4,2",3,"3,1",12,"100,00","35,50",0,0,0,1,0,"0,30",60,"1,00",0,"2,0000","4,58","6,3600",,11724,636,1845,3,0,"0,229",9,0,1,0,0,0,0,0,0,0,0,0,0,0,0,0,0,0,1,0,0,0,1,1,1,0,0,0,0,0,0,0,0,0,0,0,0,0,12,0,5,6,81,"573,207","26518,60",16/12/2017,"4,6524","3,18","0,68"
Deepbrainchain,DBC,15,8,4,3,0,0,"2,5",1,"10000,00","900,00",0,0,1,1,1,"0,15","11,8","1,00",0,"0,0158","0,08","0,0553",,14582,0,2709,3,1,"0,043","10,5",1,1,0,0,0,0,0,0,0,0,0,0,1,0,0,0,0,1,0,0,0,0,0,1,0,0,0,0,0,0,0,0,0,0,0,0,0,19,1,2,7,77,"539,561","38919,40",15/12/2017,"4,82","3,5","0,73"
aelf,ELF,15,"7,6",4,4,"3,7",4,"2,7",3,"280,00","250,00",0,0,1,1,0,"0,25","24,8","1,00",0,"0,0990","1,1","0,8220",,11251,0,0,4,1,"0,543","9,5",0,0,0,0,0,0,0,0,1,0,0,0,0,0,1,0,0,0,0,0,0,0,1,0,1,0,0,0,0,0,0,0,0,0,0,0,0,20,0,10,8,66,"414,146","23799,60",10/12/2017,"8,7766","8,3","0,95"
Universa,UTNP,16,"7,3",20,11,4,5,"2,4",1,"4997,90","1710,95",0,0,1,1,1,"0,66","28,6","0,29",0,"0,0100","0,0541","0,0296",,0,0,53,4,1,"0,923",9,1,1,0,0,0,0,0,0,0,1,0,0,0,0,0,0,0,0,0,0,0,0,0,0,0,0,0,0,0,0,0,0,0,0,0,0,0,12,0,10,9,68,"410,706","27323,90",9/12/2017,"3,1028","2,96","0,95"
fidentiaX,FDX,15,"7,6",8,6,"3,5",1,"2,6",8,"130,00","105,00",0,0,0,1,1,"0,77","1,6","0,54",0,"0,0289","0,23","0,1474",,2989,1879,59,4,1,"0,011",9,0,1,0,0,0,0,0,0,0,0,0,0,0,0,0,0,0,0,0,0,1,0,0,0,0,0,0,0,0,0,0,0,0,0,0,0,0,21,1,0,10,74,"358,326","14381,80",5/12/2017,"4,6646","5,1","1,09"
Simple Token (OST),OST,17,"8,4",8,6,4,9,"3,9",22,"800,00","288,52",0,0,0,1,1,"0,30","21,7","1,09",1,"0,0889","0,41","0,2100",,15623,9181,538,4,0,"0,307","10,5",1,1,0,0,0,0,0,1,0,0,0,0,0,0,0,0,0,0,0,0,0,0,0,0,0,0,0,0,0,0,0,0,0,0,0,0,0,14,1,2,1,73,"326,603","14490,50",1/12/2017,"1,9691","2,36","1,2"
Aeron,ARN,18,"8,1",11,4,"4,2",6,"2,2",1,"20,00","13,00",0,0,0,1,1,"0,60","4,9","0,16",1,"0,5000","0,48","1,7500",,1757,1982,45,3,1,"0,824",12,1,1,1,0,0,0,0,1,0,0,0,0,0,1,0,0,0,0,0,0,0,0,0,0,0,0,0,0,0,0,0,0,0,0,0,0,0,22,1,0,1,55,"181,131","3196,63",31/10/2017,"1,6181","3,5","2,16"
red pulse,RPX,17,8,3,3,"4,2",8,"3,8",8,"1358,37","543,35",0,0,1,1,1,"0,40","14,5","1,00",0,"0,0358","0,06","0,1069",,11148,0,2791,4,0,"0,535","11,5",1,1,0,0,0,0,0,1,0,0,0,0,0,,0,0,0,0,0,0,0,0,0,0,0,0,0,0,0,0,0,0,0,0,0,0,0,23,1,0,4,72,"152,479","2021,79",8/10/2017,"1,1621","2,99","2,57"
SALT,SALT,1,"7,7",20,10,"4,5",4,"3,2",10,"120,00","55,82",0,0,1,1,1,"0,45","48,5","1,00",0,"0,8900","6,91","3,2500",,7237,6518,0,2,1,"0,176","9,5",0,1,1,0,1,0,0,0,0,0,0,0,0,0,0,0,0,0,0,0,1,0,0,0,0,0,0,0,0,0,0,0,0,0,0,0,0,15,1,4,1,75,"136,076","5842,68",15/08/2017,"1,2683","3,65","2,88"
Decentraland,MANA,18,"7,8",9,6,4,3,"2,6",3,"2644,40","1050,14",0,0,0,1,0,"0,40","24,1","1,21",1,"0,0240","0,03","0,0860",,5279,3736,641,4,0,"0,466","10,5",1,1,1,0,0,0,0,0,0,1,0,0,0,0,0,0,0,0,0,0,0,0,0,0,0,0,0,0,0,0,0,0,0,0,0,0,0,4,1,0,2,62,"139,986","7099,72",18/08/2017,"1,2803","3,58","2,8"
Hubii Network,HNT,15,"7,4",3,3,4,12,"3,3",2,"31,80","13,52",0,0,1,1,0,"0,70","7,1","0,14",0,"0,3300","0,11","1,0900",,3581,0,36,3,1,"0,030","8,5",0,0,1,0,0,0,0,0,0,0,0,0,0,0,1,0,0,0,0,0,0,0,0,0,0,0,0,0,0,0,0,0,0,0,0,0,0,23,1,0,1,50,"146,503","5940,59",07/09/2017,"1,2351","3,3","2,67"
Enigma Catalyst (ENG),ENG,1,"7,6",5,4,"4,2",4,"3,3",3,"150,00","74,84",0,1,0,1,0,"0,50",45,"1,00",1,"0,6000","0,61","1,8800",,13516,1358,1178,5,1,"0,074",12,1,1,1,0,1,0,0,1,0,0,0,0,0,,0,0,0,0,0,0,0,0,0,0,0,0,0,0,0,0,0,0,0,0,0,0,0,12,1,2,4,79,"145,454","4100,70",11/09/2017,"1,1632","3,13","2,69"
Kyber Network,KNC,15,"7,6",8,6,"3,8",3,"3,3",4,"215,63","134,13",0,0,0,1,0,"0,61",46,"1,00",1,"0,3800","1,85","1,3100",,16787,153,301,5,0,"0,129","9,5",1,1,1,0,1,0,0,1,0,0,0,1,0,1,0,0,0,0,0,0,0,0,0,0,0,0,0,0,0,0,0,0,0,0,0,0,1,16,0,7,4,76,"123,918","3038,73",17/09/2017,"1,0903","3,45","3,16"
ALIS,ALIS,19,"7,4",7,5,0,0,"2,8",1,"75,21","38,54",0,0,1,1,1,"0,50","3,7","0,10",1,"0,0983","0,14","0,3530",,6039,0,0,2,0,"0,016",9,0,0,,0,0,0,0,0,0,0,0,0,0,0,1,0,0,0,0,0,0,0,0,0,0,1,0,0,0,0,0,0,0,0,0,0,0,24,0,4,4,60,"143,014","3873,94",29/09/2017,"1,3108","3,59","2,74"
PayPie,PPP,20,8,8,6,"4,2",6,"2,2",1,"165,00","82,50",0,0,0,1,0,"0,75",26,"1,00",0,"0,3400","0,33","1,4400",,3035,1232,156,4,1,"0,230",9,0,1,1,0,0,0,0,0,0,0,0,0,0,0,0,0,0,0,0,0,0,0,0,0,0,0,0,0,0,0,0,0,0,0,0,0,0,23,1,0,2,68,"150,273","2021,79",8/10/2017,"1,6244","4,24","2,61"
BLOCKv,VEE,12,"6,7",4,3,4,13,"2,6",3,"3646,27","1531,43",0,0,1,1,0,"0,18","21,6","0,54",1,"0,0207","0,02","0,0559",,1989,1056,162,3,1,"0,038","8,5",1,1,1,0,0,0,0,0,1,0,0,0,0,0,0,0,0,0,0,0,0,0,0,0,0,0,0,0,0,0,0,0,0,0,0,0,0,25,1,0,1,64,"165,57","3888,92",25/10/2017,"1,1412","2,7","2,37"
Enjin Coin,ENJ,15,"8,5",8,6,"4,2",7,"2,5",4,"1000,00","756,19",0,0,1,1,1,"0,40",23,"0,92",0,"0,0512","0,02","0,1429",,13018,52000,1403,4,1,"0,173","9,5",0,0,1,0,0,0,0,0,0,1,0,0,0,1,0,0,0,0,0,0,0,0,0,0,0,0,0,0,0,0,0,0,0,0,0,1,0,26,0,5,1,76,"182,387","5525,74",1/11/2017,"1,2993","2,79","2,15"
Raiden network,RDN,21,"8,1",8,8,0,0,"3,5",5,"100,00","5,02",0,0,1,1,0,"0,50","33,4","1,00",0,"0,6700","0,92","2,1570",,0,0,794,3,0,"0,062","10,5",1,1,0,1,0,0,0,1,0,0,0,0,0,0,0,0,0,1,0,0,0,0,0,0,0,0,0,0,0,0,0,0,0,0,0,0,0,1,1,3,1,75,"182,387","5525,74",1/11/2017,"1,4987","3,22","2,15"
QASH (quoine liquid),QASH,19,"7,7",9,3,"3,5",9,0,0,"1000,00","350,00",0,0,0,1,1,"0,50","106,4","1,00",1,"0,2400","0,48","0,6850",,3029,6198,130,3,1,"0,328",11,1,1,0,0,0,0,0,0,0,0,0,0,0,0,0,1,0,0,0,0,0,0,0,0,0,0,0,0,0,0,0,0,0,0,0,0,0,16,0,4,1,69,"203,053","5482,20",8/11/2017,"1,4792","2,85","1,93"
Publica,PBL,1,"6,8",21,12,"3,2",5,"2,5",3,"33,79","18,58",0,0,1,1,0,"0,51","1,1","1,05",0,"0,1000","0,37","0,2900",,6675,6119,1220,5,1,"0,029",7,0,0,0,0,0,0,0,0,0,0,0,1,1,0,0,0,0,0,0,0,0,0,0,0,0,0,0,0,0,0,0,0,0,0,0,0,0,22,0,1,1,69,"215,126","7326,42",15/11/2017,"1,5923","2,9","1,82"
Quantstamp,QSP,1,"7,8",10,6,"3,7",8,4,12,"976,44","617,31",0,0,0,1,1,"0,65","31,3","1,00",1,"0,0720","0,07","0,1890",,9841,26169,1204,5,0,"0,743","10,5",1,1,0,0,0,0,0,1,0,0,0,0,0,0,0,0,0,1,0,0,0,0,0,0,0,0,0,0,0,0,0,0,0,0,0,0,0,27,1,0,11,71,"233,98","7677,69",19/11/2017,"1,5676","2,63","1,67"
Utrust,UTK,12,"7,8",16,11,"3,6",9,"2,5",3,"500,00","285,89",0,0,0,1,0,"0,70",21,"1,00",1,"0,0650","0,2","0,1727",,14683,11479,743,4,1,"0,392",10,0,0,0,0,0,0,0,0,0,1,0,0,1,0,0,0,0,0,0,0,0,0,0,0,0,0,0,0,0,0,0,0,0,0,0,0,0,1,1,2,1,72,"237,996","7535,74",20/11/2017,"1,6139","2,66","1,65"
Aion,AION,20,"8,2",19,14,4,9,"3,8",6,"465,93","115,32",0,1,1,1,1,"0,50",20,"1,00",0,"1,0000","0,62","2,5100",,11030,169,137,4,1,"2,542","10,5",0,1,0,0,0,0,0,1,0,0,0,0,0,0,0,0,0,0,0,0,0,0,0,0,0,0,0,0,0,0,0,0,0,0,0,0,0,2,0,6,12,76,"255,671","1411,41",24/11/2017,"1,6379","2,51","1,53"
GIFTO,GTO,11,"7,4",5,1,4,7,"3,5",11,"1000,00","157,86",0,0,1,1,1,"0,30",10,"1,00",0,"0,1000","0,29","0,2710",,4231,6592,0,5,1,"0,343",8,1,1,0,0,0,0,0,1,0,0,0,0,0,0,0,0,0,0,0,0,0,0,0,0,0,0,0,0,0,0,0,0,0,0,0,0,0,22,1,0,1,71,"511,428","3551,70",14/12/2017,"3,5375","2,71","0,77"
Ontology,ONT,11,"8,5",40,25,0,0,"3,4",8,"1000,00","241,24",0,0,1,1,0,"0,11",0,"1,00",0,"0,2000","2,62","1,6000",,32926,0,5241,5,1,"0,217",0,0,0,0,1,0,0,0,1,0,0,0,0,0,0,0,0,0,0,0,0,0,0,0,0,0,0,0,0,0,0,0,0,0,0,0,0,0,9,0,7,1,71,"784,63","4439,24",08/01/2018,"16,0211",8,"0,5"
Trinity,TNC,11,"8,1",6,3,"3,6",3,"2,5",1,"1000,00","333,33",0,0,0,1,0,"0,33",20,"1,00",0,"0,0600","0,23","0,1168",,7632,0,0,3,1,"0,284","9,5",0,0,0,0,0,0,0,0,0,0,0,0,1,0,0,0,0,0,0,0,0,0,0,0,0,0,0,0,0,0,0,0,0,0,0,0,0,12,0,3,13,77,"724,617","3806,23",14/01/2018,"3,6003","1,95","0,54"
Bluzelle,BLZ,15,7,9,6,"3,6",3,"3,2",7,"500,00","165,00",0,0,0,1,1,"0,33","19,5","1,00",0,"0,1200","0,42","0,3945",,22738,0,0,5,1,"0,853","11,5",1,1,0,0,0,0,0,1,0,0,0,0,0,0,0,0,0,0,0,0,0,0,0,0,0,0,0,0,0,0,0,0,0,0,0,0,0,3,0,2,1,76,"610,659","3662,87",20/01/2018,"5,1239","3,29","0,64"
Elastos,ELA,11,8,8,3,4,7,"3,3",11,"33,00","5,05",0,0,0,1,0,"0,06","94,1","1,00",0,"18,0900","44,01","51,2900",,10261,15221,1698,3,0,"0,191",10,1,1,0,0,0,0,0,0,0,0,0,0,0,0,0,0,0,1,0,0,0,0,0,0,0,0,0,0,0,0,0,0,0,0,0,0,0,12,0,4,4,76,"509,351","3094,43",23/01/2018,"3,6859","2,84","0,77"
Nucleus vision,NCASH,1,"7,9",9,4,"3,6",5,"3,2",7,"10000,00","3983,94",0,1,1,1,1,"0,40",40,"1,00",1,"0,0100","0,04","0,0304",,48330,6598,59251,5,1,"0,470","13,5",1,1,0,0,0,0,0,1,0,0,0,0,0,0,0,0,0,0,0,0,0,0,0,0,0,0,0,0,0,0,0,0,0,0,0,0,0,28,0,7,1,76,"590,926","2468,96",28/01/2018,"4,579","3,04","0,66"
CREDITS,CS,6,"6,4",9,3,"3,8",7,0,0,"249,47","136,46",0,0,0,1,1,"0,60","22,6","1,13",1,"0,1900","0,28","0,6587",,3026,2088,0,4,1,"0,267","9,5",1,1,1,0,0,0,0,0,0,0,0,0,0,0,1,0,0,0,0,0,0,0,0,0,0,0,0,0,0,0,0,0,0,0,0,0,0,14,0,7,1,70,"491,809","2416,97",18/02/2018,"4,3518","3,47","0,8"
Status (Network),SNT,12,6,8,8,0,0,0,0,"6804,87","3470,48",0,0,1,1,1,"0,41","107,7","1,20",0,"0,0370","0,06","0,1419",,15991,4503,2649,4,0,"0,913",9,1,1,0,0,1,0,0,0,0,0,0,0,0,0,0,0,0,0,0,0,0,0,0,0,0,0,0,0,0,0,0,0,0,0,0,0,0,29,0,3,1,68,"114,63","5204,63",20/06/2017,"1,1221","3,84","3,42"
Credit Protocol (Blockmason),BCPT,13,"5,8",4,2,"4,2",3,"2,2",1,"116,16","70,14",0,0,0,1,1,"0,29","15,3","1,00",0,"0,3400","0,18","0,8330",,1448,1371,110,4,0,"0,022","9,5",1,1,1,0,0,0,0,0,0,0,0,0,0,0,0,0,0,0,0,0,0,0,0,0,0,0,0,0,0,0,0,0,0,0,0,0,0,11,1,16,1,66,"174,443","4457,63",16/10/2017,"1,0908","2,45","2,25"
Verify,CRED,15,"6,1",6,5,"2,8",2,2,1,"30,00","12,43",0,0,0,1,0,"0,22","2,5","1,00",1,"0,2300","0,47","0,3762",,15383,376,112,3,1,"0,043",10,1,1,0,0,0,0,0,0,0,0,0,0,0,0,1,0,0,0,0,0,0,0,0,0,0,0,0,0,0,0,0,0,0,0,0,0,0,30,0,3,2,58,"375,72","2162,98",6/12/2017,"1,5687","1,64","1,04"
Aigang,AIX,15,"6,1",7,4,"3,5",1,"2,4",1,"29,27","19,32",0,0,1,1,1,"0,51","4,2","0,14",1,"0,3500","3,82","0,3534",,5241,0,0,2,1,"0,014","10,5",1,1,0,0,0,0,0,0,0,0,0,0,1,0,0,0,0,0,0,0,0,0,0,0,0,0,0,0,0,0,1,0,0,0,0,0,0,12,0,6,2,71,"530,603","3891,94",15/12/2017,"1,3675","1,01","0,74"
Civic,CVC,1,"5,8",2,2,0,0,"3,8",42,"1000,00","342,70",0,0,0,1,0,"0,33",33,"1,00",0,"0,1000","0,16","0,3000",,7632,1366,1138,3,0,"0,955","9,5",0,0,0,0,1,0,0,0,1,0,0,0,0,0,0,0,0,1,0,0,0,0,0,0,0,0,0,0,0,0,0,0,0,0,0,0,0,27,1,6,1,72,"110,499","4703,67",22/06/2017,"0,8461",3,"3,55"
aventus,AVT,1,"5,5",7,5,0,0,"1,5",1,"10,00","6,00",0,0,0,1,0,"0,60","18,8","1,00",0,"3,4000","4,52","1,4400",,5862,0,460,4,1,"0,232","9,5",1,1,0,0,0,0,1,0,0,1,0,0,0,0,0,0,0,0,0,0,0,0,0,0,0,0,0,0,0,0,0,0,0,0,0,0,0,31,1,6,1,52,"163,137","6744,32",06/09/2017,"0,1763","0,42","2,4"
Viberate,VIB,21,"8,5",21,8,"4,3",9,2,1,"200,00","166,72",0,0,1,1,1,"0,60",12,"1,00",0,"0,1000","0,29","0,2256",,12789,30923,105,3,1,"0,339",10,1,1,0,0,0,0,0,0,0,0,0,0,0,0,0,0,0,0,0,0,0,0,0,0,0,0,0,0,0,0,0,0,0,1,0,0,0,23,0,3,4,60,"150,215","8870,50",05/09/2017,"0,8649","2,26","2,61"
Monetha,MTH,12,"7,5",11,7,"3,2",5,2,1,"402,40","217,10",0,1,1,1,1,"0,50","35,9","1,00",1,"0,1600","0,23","0,1355",,7080,6012,1024,4,1,"1,136","9,5",1,1,1,0,1,0,0,0,0,0,0,0,0,0,0,0,0,0,0,0,0,0,0,0,0,0,0,0,0,0,0,0,0,0,1,0,0,1,0,5,1,65,"171,564","5250,00",31/08/2017,"0,3708","0,85","2,28"
Indorse,IND,15,"7,3",10,5,"4,2",9,"2,6",18,"170,62","46,51",0,0,0,1,0,"0,35","9,2","0,62",0,"0,3300","0,2","0,0728",,4900,6087,76,4,1,"0,153",7,0,1,0,0,0,0,0,0,0,0,0,0,0,0,0,0,0,0,0,0,0,0,0,0,0,0,0,0,0,0,0,0,1,0,0,0,0,29,0,5,1,33,"163,378","5940,59",07/09/2017,"0,092","0,22","2,4"
Rivetz,RVT,1,"7,6",9,4,4,5,"3,2",20,"200,00","26,24",0,0,0,1,1,"0,35","18,7","0,93",0,"0,8800","0,73","0,5956",,6462,4915,243,3,1,"0,059","10,5",0,0,1,0,0,0,0,0,0,0,0,0,0,0,0,0,0,0,0,0,0,0,0,0,0,0,0,0,0,0,0,0,0,0,0,0,0,27,1,2,14,48,"146,156","3981,44",10/09/2017,"0,2525","0,68","2,68"
Blackmoon,BLK,22,"6,7",7,2,"3,2",7,0,0,"60,00","21,31",0,1,1,1,1,"0,50",30,"1,00",0,"1,0000","0,86","1,0300",,3093,6679,727,4,1,"0,544","8,5",1,1,1,0,1,0,0,0,0,0,0,0,0,1,0,0,0,0,0,0,0,0,0,0,0,0,0,0,0,0,0,0,0,0,0,0,0,22,0,11,4,63,"136,735","5420,00",13/09/2017,"0,3595","1,03","2,87"
Social(l),SCL,5,"4,8",7,4,"3,6",2,"1,3",1,"16,71","16,71",0,0,0,1,0,"0,95","5,2","0,35",0,"0,4600","0,38","0,3176",,4072,4978,132,3,1,"0,090","9,5",0,0,0,0,0,0,0,0,0,0,0,1,0,0,0,0,0,0,0,0,0,0,0,0,0,1,0,0,0,0,0,0,0,0,0,0,0,7,0,16,1,64,"119,452","7805,38",15/09/2017,"0,2105","0,69","3,28"
Kickcoin,KICK,15,"6,1",16,5,4,9,"2,3",6,"478,67","445,68",0,1,1,1,1,"0,74","21,6","1,69",1,"0,0850","0,28","0,0745",,6177,19197,339,4,1,"0,013","9,5",1,1,0,0,0,0,0,0,0,1,0,0,0,0,0,0,0,0,0,0,0,0,0,0,0,0,0,0,0,1,0,1,0,0,0,0,0,4,0,5,1,60,"122,234","8905,38",16/09/2017,"0,2734","0,88","3,21"
kin,KIN,20,"5,7",7,1,0,0,0,0,"10000000,00","756097,56",0,0,1,1,0,"0,62","48,6","0,65",0,"0,0001","0,000093","0,0002",,5930,0,1866,5,0,"0,244",8,0,1,1,0,0,0,1,0,0,0,0,0,0,0,0,0,0,0,0,0,0,0,0,0,0,0,0,0,0,0,0,0,0,0,0,0,0,7,0,16,1,45,"135,367","2344,67",25/09/2017,"0,6184","1,79","2,89"
Centra,CTR,1,4,20,7,0,0,0,0,"98,27","68,00",0,0,1,1,1,"0,68","26,1","1,00",1,"0,7300","0,15","0,5010",,8796,12992,659,4,1,"0,159","9,5",1,1,0,0,0,0,0,1,0,0,0,0,0,0,0,0,0,0,0,0,0,0,0,0,0,0,0,0,0,0,0,0,0,0,0,0,0,23,0,7,1,15,"136,264","2950,13",26/09/2017,"0,2387","0,69","2,88"
Real,REAL,15,"7,9",6,3,0,0,0,0,"19,72","10,06",0,0,0,1,1,"0,51","10,6","0,32",1,"1,3200","0,89","0,3950",,3351,3514,0,3,1,"0,071",9,0,1,1,0,0,0,0,0,0,0,0,0,0,0,0,0,0,0,0,0,0,0,0,0,0,0,0,0,0,0,0,0,0,0,0,0,0,32,0,5,1,53,"147,333","2623,37",30/09/2017,"0,1125","0,3","2,66"
Airtoken (airfox),AIR,1,"8,2",6,3,4,8,"2,8",13,"1491,49","1050,00",0,0,0,1,1,"0,70",15,"1,00",1,"0,0200","0,02","0,0135",,4256,875,211,4,0,"0,078",8,0,1,0,0,0,0,0,0,0,1,0,0,0,0,0,0,0,0,0,0,0,0,0,0,0,0,0,0,0,0,0,0,0,0,0,0,0,33,1,1,1,68,"147,468","2592,14",06/10/2017,"0,2549","0,68","2,66"
DomRaider,DRT,23,8,33,9,"4,3",10,"2,5",3,"1300,00","591,50",0,1,1,1,0,"0,35","67,2","1,00",0,"0,1200","0,05","0,0303",,6203,4528,49,5,1,"0,054",9,0,1,0,0,0,0,0,0,0,0,0,0,0,0,0,0,0,0,0,0,0,0,0,0,0,1,0,0,0,0,0,0,0,0,0,0,0,4,0,12,4,69,"151,488","3642,26",09/10/2017,"0,0975","0,25","2,59"
Maecenas,ART,12,"7,2",8,0,"3,2",10,0,0,"100,00","30,15",0,0,0,1,0,"0,30","15,4","0,81",0,"0,6600","0,34","0,6429",,1088,590,76,2,0,"0,077",7,0,0,0,0,0,0,0,0,0,1,0,0,0,0,0,0,0,0,0,0,0,0,0,0,0,0,0,0,0,0,0,0,0,0,0,0,0,34,1,0,4,70,"155,067","4605,71",10/10/2017,"0,3855","0,97","2,53"
LAToken,LA,13,"8,1",26,6,4,8,2,3,"400,00","77,84",0,0,1,1,0,"0,50","18,9","0,47",0,"0,4200","0,22","0,2415",,4646,27070,313,3,0,"0,264",9,1,1,1,0,0,0,0,0,0,1,0,0,0,0,0,0,0,0,0,0,0,0,0,0,0,0,0,0,0,0,0,0,0,0,0,0,0,4,0,7,4,60,"155,067","4605,71",10/10/2017,"0,2276","0,57","2,53"
AirSwap,AIR,1,"6,6",8,4,3,5,0,0,"500,00","150,00",0,0,0,1,0,"0,30","12,6","1,00",0,"0,3000","0,35","0,3101",,4739,1710,541,4,1,"0,275","8,5",0,1,1,0,1,0,0,0,0,0,0,0,0,0,0,0,0,0,0,0,0,0,0,0,0,0,0,0,0,0,0,0,0,0,0,0,0,16,0,2,1,72,"155,15","3086,50",11/10/2017,"0,4094","1,03","2,53"
Streamr,DATA,12,"8,2",10,5,4,7,"2,3",3,"987,15","677,15",0,0,1,1,0,"0,49",27,"1,00",0,"0,0615","0,07","0,0814",,6199,0,0,3,0,"0,068","8,5",0,0,0,0,0,0,0,0,0,0,0,0,0,0,0,1,0,0,0,0,0,0,0,0,0,0,0,0,0,0,0,0,0,0,0,0,0,12,0,2,1,67,"174,04","7182,93",13/10/2017,"0,5881","1,32","2,25"
bitJob,STU,24,"8,1",15,7,4,11,"2,7",21,"200,00","48,04",0,0,1,1,1,"0,56","2,7","0,23",0,"0,3900","0,09","0,0601",,6492,7743,0,2,1,"0,033","8,5",0,1,1,0,0,0,0,0,0,1,0,0,0,0,0,0,0,0,0,0,0,0,0,0,0,0,0,0,0,0,0,0,0,0,0,0,0,35,1,2,1,58,"174,04","7182,93",13/10/2017,"0,0685","0,15","2,25"
Paragon,PRG,1,8,20,8,"3,6",8,"2,8",9,"164,94","64,94",0,0,0,1,1,"0,50",6,"0,06",0,"1,0000","1,89","0,2382",,2700,219159,38360,5,1,"0,026",6,0,0,1,0,0,0,0,0,0,1,0,0,0,1,0,0,0,0,0,0,0,0,0,0,0,0,0,0,0,0,0,0,0,0,0,0,0,7,1,0,4,74,"174,443","4457,63",16/10/2017,"0,106","0,24","2,25"
Change (Bank),CAG,25,"7,2",10,3,"2,8",4,"2,3",6,"79,18","37,11",0,0,1,1,1,"0,40",16,"0,40",0,"0,4400","0,39","0,2108",,4765,10952,0,4,1,"0,026","8,5",0,1,0,0,0,0,0,0,0,0,0,0,1,0,0,0,0,0,0,0,0,0,0,0,0,0,0,0,0,0,0,0,0,0,0,0,0,23,0,8,1,63,"174,443","4457,63",16/10/2017,"0,2133","0,48","2,25"
eidoo,EDO,12,"7,5",23,14,0,0,"2,4",7,"90,21","29,26",0,0,0,1,0,"0,20","27,7","0,54",1,"2,5800","2,09","2,0700",,11842,20349,85,3,1,"0,205",9,0,1,1,0,0,0,0,0,0,1,0,0,0,0,0,0,0,0,0,0,0,0,0,0,0,0,0,0,0,0,0,0,0,0,0,0,0,16,0,7,4,63,"174,443","4457,63",16/10/2017,"0,3572","0,8","2,25"
HEROcoin,PLAY,26,"7,8",7,3,"3,8",9,0,0,"252,17","119,06",0,0,1,1,0,"0,30",2,"0,13",1,"0,0267","0,0927","0,0561",,3755,7261,273,3,1,"0,013",9,1,1,0,0,0,0,0,0,0,0,0,0,0,0,0,0,0,0,0,0,0,0,0,0,0,0,0,0,1,0,0,0,0,0,0,0,0,26,0,18,1,59,"174,443","4457,63",16/10/2017,"0,9348","2,1","2,25"
DOVU,DOVU,6,"5,7",6,3,3,3,"1,6",3,"963,76","63,79",0,0,1,1,1,"0,25","6,6","0,23",0,"0,1100","0,18","0,1008",,3922,1345,14,4,1,"0,034","7,5",0,1,1,0,0,0,0,0,0,0,0,0,0,0,0,0,0,0,0,0,0,0,0,0,0,0,0,0,0,0,0,0,0,0,0,0,0,7,0,4,1,46,"171,53","4457,63",16/10/2017,"0,401","0,92","2,28"
Qvolta,QVT,15,"5,2",4,1,0,0,0,0,"10,10","6,94",0,0,0,1,1,"0,80","0,7","0,16",1,"0,3100","0,28","0,3971",,2810,10350,100,3,1,"0,013","8,5",0,1,0,0,0,0,0,0,0,1,0,0,0,0,0,0,0,0,0,0,0,0,0,0,0,0,0,0,0,0,0,0,0,0,0,0,0,16,0,9,1,50,"173,843","5000,80",17/10/2017,"0,5684","1,28","2,25"
Ambrosus,AMB,12,"8,3",8,4,4,12,"2,7",19,"361,48","144,59",1,0,1,1,1,"0,40","32,5","0,33",0,"0,3000","0,2","0,4772",,14506,0,3958,4,1,"0,051",10,0,1,1,0,0,0,0,0,1,0,0,0,0,0,0,0,0,0,0,0,0,0,0,0,0,0,0,0,0,0,0,0,0,0,0,0,0,22,0,9,3,72,"172,039","3311,01",20/10/2017,"0,6985","1,59","2,28"
UnikoinGold,UKG,1,6,9,3,3,3,"2,1",2,"1000,00","141,02",0,0,0,1,0,"0,20",29,"0,34",0,"0,3000","0,32","0,2785",,1278,321,134,4,0,"0,089",7,1,1,0,0,0,0,0,0,1,0,0,0,0,0,0,0,0,0,0,0,0,0,0,0,0,0,1,0,0,0,0,0,0,0,0,0,0,26,0,18,1,56,"167,304","3934,17",22/10/2017,"0,3965","0,93","2,34"
Etherparty,FUEL,20,"6,2",21,9,"2,8",5,"2,3",3,"1000,00","485,52",0,0,0,1,1,"0,40","33,7","0,52",0,"0,1000","0,03","0,0891",,5334,1843,343,4,1,"0,028","8,5",0,0,0,0,0,0,0,0,0,1,0,0,0,0,0,0,0,0,0,0,0,0,0,0,0,0,0,0,0,0,0,0,0,0,0,0,0,12,0,4,1,66,"175,198","3369,87",23/10/2017,"0,3982","0,89","2,24"
CryptoPay,CPAY,6,"7,3",3,2,4,7,0,0,"90,41","67,39",0,1,0,1,1,"0,52",18,"0,28",0,"0,3100","0,1865","0,0825",,6214,13908,8,3,1,"0,224","7,5",1,1,0,0,0,0,0,0,0,1,0,0,0,0,0,0,0,0,0,0,0,0,0,0,0,0,0,0,0,0,0,0,0,0,0,0,0,36,0,12,4,57,"177,716","5273,13",29/10/2017,"0,1207","0,27","2,2"
TokenStars (ACE),ACE,3,"7,3",4,0,"3,2",7,"1,5",1,"14,48","3,94",0,0,0,1,1,"0,60","4,9","0,65",1,"0,4200","0,45","0,2301",,2000,750,0,4,1,"0,012","7,5",0,1,0,0,0,0,0,0,1,0,0,0,0,0,0,0,0,0,0,0,0,0,0,0,0,0,0,0,0,0,0,0,0,0,0,0,0,4,1,0,1,70,"181,991","5827,31",30/10/2017,"0,2544","0,55","2,15"
ATLANT,ATL,1,"6,9",8,4,"3,2",4,"1,3",1,"54,18","13,23",0,1,0,1,1,"0,69","6,7","0,10",1,"0,6100","0,42","0,2764",,2712,13081,177,3,1,"0,037","10,5",1,1,1,0,0,0,0,0,0,0,0,0,0,0,0,0,0,0,0,0,0,0,0,0,0,0,0,0,0,0,0,0,0,0,0,0,0,32,0,5,15,62,"184,83","3196,63",31/10/2017,"0,2137","0,45","2,12"
Ripio Credit Network,RCN,13,"7,1",12,6,3,3,"3,5",13,"999,94","489,03",0,0,0,1,0,"0,51","37,9","1,00",0,"0,0743","0,06","0,1251",,9377,5676,29,4,0,"0,012","7,5",1,1,1,0,0,0,0,0,0,0,0,0,0,0,0,0,0,0,0,0,0,0,0,0,0,0,0,0,0,0,0,0,0,0,0,0,0,15,0,15,1,51,"201,211","5525,74",1/11/2017,"0,8645","1,68","1,95"
Grid+,GRID,1,"7,5",7,3,"3,3",7,"2,9",6,"300,00","39,24",0,0,0,1,0,"0,30","32,2","0,36",0,"1,1500","0,56","0,6073",,2210,0,2775,3,1,"0,015",10,1,1,1,0,0,0,0,0,0,0,0,0,0,0,0,0,0,0,0,0,0,0,0,0,0,0,0,0,0,0,0,0,0,0,0,0,0,6,0,2,1,69,"200,77","4093,25",5/11/2017,"0,2706","0,53","1,95"
Soma,SCT,27,"6,9",11,4,"3,5",6,2,4,"14,42","4,18",0,0,1,1,1,"0,90",6,"0,15",1,"0,7400","0,19","0,2969",,3704,2704,0,4,1,"0,014","8,5",1,1,0,0,0,0,0,0,0,0,0,1,0,0,0,0,0,0,0,0,0,0,0,0,0,0,0,0,0,0,0,0,0,0,0,0,0,23,0,6,1,45,"217,131","2595,07",12/11/2017,"0,2224","0,4","1,8"
Privatix,PRIX,22,"6,5",11,4,"3,3",5,0,0,"1,28","1,18",0,0,1,1,1,"0,80","2,4","0,16",1,"3,3300","3,23","2,9500",,2077,8849,60,3,1,"0,043",8,0,0,1,0,0,0,0,0,0,0,0,0,0,0,0,0,0,0,0,0,0,0,0,0,0,0,0,0,0,0,0,0,0,0,0,0,0,17,0,1,1,68,"219,909","7326,42",15/11/2017,"0,4972","0,89","1,78"
B2BX,B2B,3,7,24,6,"3,5",3,0,0,"19,82","16,15",0,1,0,1,1,"0,80","8,1","0,27",1,"0,7400","1,58","0,7079",,1300,3200,0,2,1,"0,087",8,1,1,1,0,0,0,0,0,0,0,0,0,0,1,0,0,0,0,0,0,0,0,0,0,0,0,0,0,0,0,0,0,0,0,0,0,0,5,1,3,1,68,"227,817","9473,22",16/11/2017,"0,5562","0,96","1,72"
MicroMoney,AMM,15,"7,9",18,1,4,17,"2,3",7,"17,53","10,10",0,0,0,1,1,"0,84","10,5","0,35",1,"1,0000","0,5","0,2907",,170591,559176,0,4,1,"0,072","10,5",1,1,1,0,0,0,0,0,0,0,0,0,0,0,0,0,0,0,0,0,0,0,0,0,0,0,0,0,0,0,0,0,0,0,0,0,0,1,0,4,1,62,"231,315","13771,80",17/11/2017,"0,1716","0,29","1,69"
ZAP (Store),ZAP,1,"8,2",15,5,"3,6",6,"1,7",1,"520,00","111,67",0,0,0,1,1,"0,33","2,8","0,09",1,"0,1900","0,63","0,2284",,22,2489,0,2,0,"0,029",9,1,1,1,0,0,0,0,0,0,0,0,0,0,0,0,0,0,0,0,0,0,0,0,0,0,0,0,0,0,0,0,0,0,0,0,0,0,23,0,6,1,65,"240,382","10690,40",18/11/2017,"0,7376","1,2","1,63"
Bodhi,BOT,11,"7,2",13,3,"3,8",3,"2,8",5,"100,00","40,00",0,0,0,1,0,"0,40","14,7","1,00",1,"0,3700","0,66","0,3933",,1200,25,0,3,0,"0,014","8,5",0,1,0,0,0,0,0,0,0,0,0,0,0,0,0,0,0,0,0,0,0,1,0,1,0,0,0,1,0,0,0,0,0,0,0,0,0,5,0,4,4,58,"246,247","7957,71",20/11/2017,"0,6681","1,06","1,59"
Flixxo,FLIXX,18,"8,1",5,2,4,4,"2,5",13,"189,15","77,16",0,0,1,1,1,"0,20","4,7","0,39",1,"0,0934","0,1","0,1192",,4007,10236,146,4,1,"0,054","6,5",1,1,1,0,0,0,0,0,0,0,0,0,1,0,0,0,0,0,0,0,0,0,0,0,0,0,0,0,0,0,0,0,0,0,0,0,0,29,1,4,1,58,"259,382","14114,10",24/11/2017,"0,8448","1,28","1,51"
Starbase,STAR,15,"7,3",5,3,"3,8",5,"2,1",9,"1000,00","187,50",0,1,1,1,1,"0,10","8,8","0,88",0,"0,1000","0,11","0,0555",,12000,8500,0,3,1,"0,108","6,5",0,0,1,0,0,0,0,0,0,0,0,0,0,0,0,0,0,0,0,0,0,0,0,0,0,0,0,0,0,0,0,0,0,0,0,0,0,37,0,4,4,56,"259,382","14114,10",24/11/2017,"0,3673","0,55","1,51"
MyWish,WISH,15,"7,1",8,6,"3,7",5,"1,5",1,"19,80","18,83",0,0,0,1,1,"0,85","2,7","0,99",0,"0,2100","0,25","0,2747",,1533,532,15,2,1,"0,041",8,1,1,0,0,0,0,0,0,0,0,0,1,0,0,0,0,0,0,0,0,0,0,0,0,0,0,0,0,0,0,0,0,0,0,0,0,0,12,1,3,4,63,"269,349","12263,40",25/11/2017,"0,8994","1,31","1,45"
Mercury Protocol,MER,1,"7,8",15,12,3,2,0,0,"1000,00","171,81",0,0,0,1,0,"0,60","4,7","0,24",0,"0,0430","0,04","0,0300",,2450,0,312,4,0,"0,036","9,5",0,1,1,0,0,0,0,0,0,0,0,0,0,0,0,0,0,0,0,0,0,0,0,0,0,0,0,0,0,0,0,0,0,0,0,0,0,38,0,16,1,63,"269,349","12263,40",25/11/2017,"0,4795","0,7","1,45"
BitClave,CAT,1,"7,3",8,6,"3,8",11,"3,2",6,"1597,75","501,39",0,0,1,1,1,"0,28","25,5","1,00",1,"0,1000","0,11","0,0302",,19516,29811,455,4,1,"0,373",8,0,0,0,0,0,0,0,0,0,1,0,0,0,1,0,0,0,0,0,0,0,0,0,0,0,0,0,0,0,0,0,0,0,0,0,0,0,33,0,8,1,53,"332,167","19827,40",29/11/2017,"0,2559","0,3","1,18"
WAX,WAX,1,"7,5",4,1,"3,9",4,"3,2",5,"1850,00","492,95",0,0,1,1,1,"0,07","9,6","1,00",0,"0,3200","4,6","0,2185",,8144,265,633,4,0,"0,093",9,0,1,1,0,0,0,0,0,0,1,0,0,0,1,0,0,0,0,0,0,0,0,0,0,0,0,0,0,0,0,0,0,0,0,0,0,0,23,1,5,4,57,"332,167","19827,40",29/11/2017,"0,5788","0,68","1,18"
Presearch,PRE,20,"7,4",10,7,4,4,0,0,"170,00","155,00",0,1,1,1,1,"0,20","20,5","1,00",0,"0,2000","0,1","0,2077",,129,1984,20,3,1,"0,043",8,0,0,0,0,0,0,0,0,0,0,1,0,0,0,0,0,0,0,0,0,0,0,0,0,0,1,0,0,0,0,0,0,0,0,0,0,0,39,1,0,1,64,"297,746","21436,20",30/11/2017,"0,7891","1,04","1,32"
Playkey,PKT,1,"6,6",6,4,4,9,"2,4",5,"19,89","13,63",0,0,1,1,1,"0,60","10,3","1,00",1,"1,7300","0,62","0,6272",,1300,1900,220,5,1,"0,027",9,1,1,0,0,0,0,1,0,0,0,1,0,0,0,0,0,0,0,0,0,0,0,0,0,0,0,0,0,0,0,0,0,0,0,0,0,0,26,0,18,1,52,"304,292","14490,50",1/12/2017,"0,2816","0,36","1,29"
Sense,SENSE,1,"7,2",9,5,"4,1",2,"1,7",3,"663,64","124,85",0,0,1,1,0,"0,28",15,"1,00",0,"0,1000","0,06","0,0349",,6000,800,13,3,0,"0,013","6,5",0,0,0,0,0,0,0,0,0,0,0,0,0,0,1,0,0,0,0,0,0,0,0,0,0,0,0,0,0,0,0,0,0,0,0,0,0,38,0,16,16,54,"304,292","14490,50",1/12/2017,"0,2709","0,35","1,29"
Vezt,VZT,1,"7,3",12,2,"3,8",8,0,0,"125,00","43,29",0,0,1,1,1,"0,45","1,4","0,09",0,"0,5000","1,57","0,1260",,5300,16023,0,3,1,"0,045","7,5",0,1,0,0,0,0,0,0,0,0,0,0,0,0,1,0,0,0,0,0,0,0,0,0,0,0,0,0,0,0,0,0,0,0,0,0,0,4,1,0,1,55,"304,292","14490,50",1/12/2017,"0,1957","0,25","1,29"
DMarket ,DMT,10,8,4,2,"3,8",8,"2,8",11,"56,92","39,61",0,0,1,1,0,"0,85",19,"0,36",0,"0,6300","0,86","0,4694",,5591,2465,1420,4,0,"0,205","8,5",1,1,1,0,0,0,0,0,0,0,0,0,0,1,1,0,0,0,0,0,0,0,0,0,0,0,0,0,0,0,0,0,0,0,0,0,0,26,0,16,1,56,"304,292","14490,50",1/12/2017,"0,5787","0,75","1,29"
Leverj,LEV,28,7,6,2,"2,5",2,"1,2",2,"1000,00","118,09",0,0,1,1,0,"0,40",13,"0,26",0,"0,1500","0,26","0,0929",,4472,1362,125,3,1,"0,011",9,0,1,1,0,0,0,0,0,1,0,0,0,0,0,1,0,0,0,0,0,0,0,0,0,0,0,0,0,0,0,0,0,0,0,0,0,0,4,0,3,1,65,"402,806","25390,20",7/12/2017,"0,6369","0,62","0,97"
Coinlancer,CL,29,"5,8",5,2,1,4,0,0,"300,00","70,67",0,0,0,1,1,"0,93","11,9","0,24",0,"0,2500","0,35","0,0369",,3050,46159,0,4,1,"0,086","8,5",0,1,0,0,0,0,0,0,0,1,0,0,0,0,0,0,0,0,0,0,0,0,0,0,0,0,0,0,0,0,0,0,0,0,0,0,0,12,0,2,1,23,"553,089","26518,60",16/12/2017,"0,2082","0,15","0,71"
indaHash,IDH,30,"7,8",16,4,0,0,0,0,"400,00","399,94",0,0,1,1,1,"0,80","42,7","0,64",0,"0,2100","0,36","0,0882",,6091,27868,391,5,1,"0,466","7,5",1,1,0,0,0,0,0,0,0,0,0,0,0,1,0,0,0,0,0,0,0,0,0,0,0,0,0,0,0,0,0,0,0,0,0,0,0,29,1,0,1,71,"622,618","48547,40",20/12/2017,"0,6676","0,42","0,63"
Bankex,BKX,1,"8,5",50,29,4,9,"3,2",11,"400,00","69,06",0,0,1,1,1,"0,20","70,6","0,68",0,"1,4800","2,82","0,5239",,5529,17716,481,5,1,"0,361","10,5",1,1,1,0,0,0,0,0,0,0,0,0,0,0,1,0,0,0,0,0,0,0,0,0,0,0,0,0,0,0,0,0,0,0,0,0,0,12,1,4,3,69,"545,339","29436,70",28/12/2017,"0,4927","0,35","0,72"
Gladius,GLA,1,"7,2",6,4,"4,2",6,"2,4",6,"12,76","10,20",0,0,1,1,1,"0,60","14,7","1,14",1,"1,2500","0,97","0,8090",,0,0,0,5,1,"0,066",7,0,1,0,0,0,0,0,0,0,0,0,0,0,0,1,0,0,0,0,0,0,0,0,0,0,0,0,0,0,0,0,0,0,0,0,0,0,27,1,2,1,59,"578,317","33975,50",29/12/2017,"0,9553","0,65","0,68"
LOCIcoin,LOCI,1,"7,4",17,6,"4,2",9,"2,3",8,"100,00","36,52",0,0,1,1,1,"0,50","7,4","0,39",0,"0,4400","0,49","0,2059",,6326,0,409,3,0,"0,085",7,0,0,0,0,0,0,0,0,0,0,0,0,0,0,1,0,0,0,0,0,0,0,0,0,0,0,0,0,0,0,0,0,0,0,0,0,0,17,1,2,4,58,"584,407","34483,70",31/12/2017,"0,6981","0,47","0,67"
Bloom,BLT,1,"6,6",5,3,"3,4",4,"1,9",4,"150,00","39,52",0,0,0,1,1,"0,50","41,4","0,51",0,"1,1600","2,15","0,7054",,5618,6842,1720,4,0,"0,156",8,0,0,0,0,0,0,0,0,0,0,0,0,0,0,1,0,0,0,0,0,1,0,0,0,0,0,0,0,0,0,0,0,0,0,0,0,0,4,0,4,1,50,"600,663","26920,20",01/01/2018,"0,9323","0,61","0,65"
trade.io (trade token),TIO,12,"7,5",11,5,"3,6",11,"2,2",8,"223,53","84,29",0,0,0,1,1,"0,55","31,2","0,23",1,"1,0800","1,1","0,2581",,16053,26290,0,4,1,"0,065",8,1,1,0,0,0,0,0,0,0,1,0,0,0,1,0,0,0,0,0,0,0,0,0,0,0,0,0,0,0,0,0,0,0,0,0,0,0,5,0,4,1,60,"757,721","63527,50",04/01/2018,"0,4622","0,24","0,52"
Crypterium,CRPT,25,"6,6",15,3,"3,3",7,2,4,"99,98","77,98",0,0,0,1,1,"0,70","51,7","1,10",1,"1,9800","0,04","0,4059",,7,27663,0,5,1,"2,941","6,5",0,1,1,0,0,0,0,0,0,0,0,0,0,0,1,0,0,0,0,0,0,0,0,0,0,0,0,0,0,0,0,0,0,0,0,0,0,4,0,5,1,55,"794,549","63676,40",06/01/2018,"0,4157","0,2","0,49"
Olympus Labs,MOT,1,"7,3",14,7,"2,6",4,"2,2",7,"100,00","39,18",0,0,1,1,1,"0,40","60,3","1,00",0,"2,1800",1,"0,4281",,11347,128,53,4,1,"0,068",10,1,1,0,0,0,0,0,0,1,0,0,0,0,0,0,0,0,0,0,0,0,0,0,0,0,0,0,0,0,0,0,0,0,0,0,0,0,4,0,5,1,57,"700,919","36262,30",14/01/2018,"0,3513","0,2","0,56"
adbank,ADB,20,"6,1",9,5,"3,2",12,0,0,"1000,00","386,45",0,0,0,1,1,"0,51",14,"1,00",0,"0,0465","0,04","0,0157",,3890,4427,165,3,1,"0,191",6,0,1,0,0,0,0,0,0,0,0,0,0,1,0,1,0,0,0,0,0,0,0,0,0,0,0,0,0,0,0,0,0,0,0,0,0,0,12,0,7,1,40,"700,919","36262,30",14/01/2018,"0,6044","0,34","0,56"